bXx34n9Paxix4GBzb,2015-09-16 3:19:49,1442373588927,advertisement,0,,,
bLw7p9dFyFtSfwavz,2015-09-16 5:25:00,1442381100225,advertisement,0,,,
YXLg2GJcwbZ2WTKZd,2015-09-16 5:26:25,1442381185359,advertisement,0,,,
oWHJbv884QDmaSZWz,2015-09-16 5:27:01,1442381220703,advertisement,0,,,
e7q5bthfoicHR7DJi,2015-09-16 17:07:30,1442423250329,advertisement,0,,,
GhxPyxFQbqsXofqDJ,2015-09-16 17:09:56,1442423396342,advertisement,0,,,
ZxajJDuKwNYbJXJaX,2015-09-16 18:43:52,1442429031853,advertisement,0,,,
oX2yEnuYEbsce8LjY,2015-09-16 18:43:57,1442429036975,advertisement,0,,,
3HzwDQBiM9yQf3y7h,2015-09-16 18:44:08,1442429047805,advertisement,0,,,
ofuGPhBsLxRxT3Apr,2015-09-16 19:05:06,1442430305754,advertisement,0,,,
bXx34n9Paxix4GBzb,2015-09-16 19:06:05,1442430365261,advertisement,0,,,
bLw7p9dFyFtSfwavz,2015-09-16 19:12:15,1442430734500,advertisement,0,,,
YXLg2GJcwbZ2WTKZd,2015-09-16 19:14:14,1442430853788,advertisement,0,,,
oWHJbv884QDmaSZWz,2015-09-16 19:14:56,1442430896073,advertisement,0,,,
e7q5bthfoicHR7DJi,2015-09-16 19:21:29,1442431288740,advertisement,0,,,
GhxPyxFQbqsXofqDJ,2015-09-16 19:27:28,1442431647921,advertisement,0,,,
ZxajJDuKwNYbJXJaX,2015-09-16 19:27:54,1442431673775,advertisement,0,,,
oX2yEnuYEbsce8LjY,2015-09-16 19:35:24,1442432123655,advertisement,0,,,
3HzwDQBiM9yQf3y7h,2015-09-16 19:39:55,1442432394745,advertisement,0,,,
ofuGPhBsLxRxT3Apr,2015-09-18 5:07:48,1442552868212,advertisement,0,,,
mW2xc5sKCeynSiRHQ,2015-09-16 19:09:57,1442430597338,animation,1,,,
QKGxiZzJPxsW5bFoS,2015-09-16 5:29:13,1442381352652,children,2,,,
YhhgNkM6NajWE2pno,2015-09-16 19:05:41,1442430340693,children,2,,,
mNPKTx58e3f8Ebb98,2015-09-16 19:09:53,1442430592949,children,2,,,
fsy6CaruhASsv74dv,2015-09-18 5:11:50,1442553110404,children,2,,,
ZQtpGxoexiA3u8vNz,2015-09-16 2:35:22,1442370921641,communication,3,,,
pZJfhX5ZXyFSqfF2X,2015-09-16 17:10:31,1442423430717,communication,3,,,
aR55FbAJXEA6ABD4d,2015-09-16 18:45:19,1442429118822,communication,3,,,
yD9eussbSNwJ4LovH,2015-09-16 19:16:15,1442430974517,communication,3,,,
7rQymHKefCnRaDJXJ,2015-09-16 19:19:08,1442431147958,communication,3,,,
zCbydXdRewZ2J3CMW,2015-09-16 19:27:46,1442431665655,communication,3,,,
yDC5cPYGbhY8RvyZ5,2015-09-16 21:27:55,1442438875430,communication,3,,,
iGEva6a35abaXTcGu,2015-09-16 21:28:03,1442438882898,communication,3,,,
4NtXrG6dDwKd263fv,2015-09-16 17:08:05,1442423285478,customizable fashion,4,,,
9PACjivRFg9SWEY7B,2015-09-16 17:08:38,1442423317725,customizable fashion,4,,,
NvMgyd5hEa5s4KrDA,2015-09-16 17:13:17,1442423597413,customizable fashion,4,,,
xiuWrp3SvJiytMEGZ,2015-09-16 19:09:14,1442430554179,customizable fashion,4,,,
56bdQAqpy6e5t3AtW,2015-09-16 19:11:22,1442430682231,customizable fashion,4,,,
EPwKerN6a8kzsJXWb,2015-09-16 19:11:34,1442430693963,customizable fashion,4,,,
GYeXGFFFxA2PzM9SJ,2015-09-16 18:43:30,1442429010454,customization,5,,,
3NFysFbdPNQgCAvjj,2015-09-16 18:43:41,1442429020798,customization,5,,,
Jfiowwgc7AprmwMjj,2015-09-16 19:12:59,1442430779145,customization,5,,,
YLkRcLy7wAKcRjM9h,2015-09-16 3:16:34,1442373393920,decoration,6,,,
2CF8ZdPhXYhtmdqDB,2015-09-16 3:20:22,1442373622107,decoration,6,,,
6TzqCE66vuMf6CDmS,2015-09-16 3:21:06,1442373665878,decoration,6,,,
nsNmE77STLQCh27vE,2015-09-16 5:24:07,1442381047369,decoration,6,,,
nHzkdwzoJjbZp4tAW,2015-09-16 5:25:48,1442381148352,decoration,6,,,
DfZ5hzXTa9yW47GB4,2015-09-16 19:05:09,1442430309211,education,7,,,
uiCGP8knWorAftxJX,2015-09-16 17:09:00,1442423339563,identification,8,,,
zJSepb4mHzmhYsqZ6,2015-09-16 19:15:39,1442430938693,identification,8,,,
ssiMS2eYu4xckW6hB,2015-09-16 19:15:58,1442430957764,identification,8,,,
2BoxkgE3AkBatasCq,2015-09-16 21:28:09,1442438888880,identification,8,,,
MNpfEEW85kGfY5Air,2015-09-16 17:05:50,1442423150318,information,9,,,
82kyT75SA9PtkbmWb,2015-09-16 17:09:23,1442423362677,information,9,,,
r2Wg8QKGfNQYj2tBf,2015-09-16 18:43:48,1442429027722,information,9,,,
wKygnn7tiRdvg7kYu,2015-09-16 18:44:51,1442429091356,information,9,,,
DxMENe7TdpBHJv6i9,2015-09-16 19:03:48,1442430227974,information,9,,,
AteZ5PsB9b54cxukT,2015-09-16 19:04:26,1442430265546,information,9,,,
NfCCurGsv6bR4Sd6W,2015-09-16 19:13:22,1442430801790,information,9,,,
H6c5ApfArvzTZXen6,2015-09-16 21:28:36,1442438915796,information,9,,,
RWWHtt72rrDPmoKbE,2015-09-16 3:17:02,1442373422218,interactive household,10,,,
mrYHFZDZHxJQ2n8wv,2015-09-16 3:19:07,1442373547115,interactive household,10,,,
SKyEPAhYDFwbasRff,2015-09-16 17:07:44,1442423263585,interactive household,10,,,
EGcBXHnf9qkRBk3h5,2015-09-16 19:10:10,1442430609584,interactive household,10,,,
hKDjHY2GXg2j4RTf9,2015-09-16 19:36:30,1442432190065,interactive household,10,,,
6qark6RRWHXAgt9Xh,2015-09-16 19:36:40,1442432200403,interactive household,10,,,
gaz3qnaHdo5n3Nrkq,2015-09-16 19:36:52,1442432211567,interactive household,10,,,
Coi9Fak8W5eLH7Ci3,2015-09-18 5:09:02,1442552941978,light source,11,,,
ru97LWWpKJvrx24dd,2015-09-16 5:27:46,1442381266262,military,12,,,
p8ghzZ3fMTC3bnSH8,2015-09-16 21:30:15,1442439014812,military,12,,,
JS93kKyGwXZ4wDo4H,2015-09-16 17:06:24,1442423184499,multimedia fashion,13,,,
n2envuNqz9uTqHENe,2015-09-16 17:07:10,1442423230011,multimedia fashion,13,,,
uC5SfwkDcHRZ8vXj7,2015-09-16 18:45:07,1442429107387,multimedia fashion,13,,,
bn24vYKB62zLgRTLv,2015-09-16 19:09:22,1442430562365,multimedia fashion,13,,,
F7NcJNhtbPoAnkz6K,2015-09-16 19:37:19,1442432239481,multimedia fashion,13,,,
R3iz6kyNNftWdu6y4,2015-09-16 21:29:58,1442438998294,multimedia fashion,13,,,
d5pcfeoj65tRurXmF,2015-09-18 5:06:03,1442552762583,multimedia fashion,13,,,
4na3JyDmAEeY5Rcns,2015-09-18 5:06:41,1442552800783,multimedia fashion,13,,,
D2fsXTa6L7eWQq8R7,2015-09-16 3:15:19,1442373319456,other,14,,,
YknT8KkaJgerhTiCs,2015-09-16 17:06:17,1442423177084,other,14,,,
TCFHNbM53ds2iG8nK,2015-09-16 19:03:24,1442430204183,other,14,,,
z3M7meKq9m8GCZHeq,2015-09-16 19:34:16,1442432055995,performance,15,,,
bYSXG3iporbeDqtmX,2015-09-16 19:35:00,1442432099722,performance,15,,,
PtKKm9t7B5o7FiazR,2015-09-18 5:10:24,1442553023552,performance,15,,,
bsNf4meJPisDs3M5G,2015-09-16 2:34:24,1442370863762,screen replacement,16,,,
zM24EjrnKDNG3HCYL,2015-09-16 2:36:23,1442370983280,screen replacement,16,,,
ALFEB7cv6CdkNcn9M,2015-09-16 17:08:33,1442423312922,screen replacement,16,,,
eo2YBsx7s8prEcSNg,2015-09-16 19:02:22,1442430141767,screen replacement,16,,,
7QNS53nzxqQJ9xmmz,2015-09-16 19:04:51,1442430290812,screen replacement,16,,,
F9btMwYmDS7dAFYHp,2015-09-16 19:06:36,1442430395757,screen replacement,16,,,
Zt23e2jbL2xKudajL,2015-09-16 19:08:35,1442430515427,screen replacement,16,,,
wb8XvZvPZu8WgXHhL,2015-09-16 19:09:43,1442430583247,screen replacement,16,,,
WMYaeuiv43oq4e3s2,2015-09-16 19:19:11,1442431150796,screen replacement,16,,,
sTkS3RGys7Eup6fin,2015-09-16 19:19:18,1442431157796,screen replacement,16,,,
8GD6QZenNGaCCrqCn,2015-09-16 19:27:31,1442431650831,screen replacement,16,,,
9wLXtaYQ7dRd2tHCE,2015-09-16 19:27:36,1442431655776,screen replacement,16,,,
pqZuht2L3ZEkbJmbE,2015-09-16 19:34:39,1442432079456,screen replacement,16,,,
bgS2oELg7X58RP8Rw,2015-09-16 19:34:48,1442432087624,screen replacement,16,,,
nxRETKqg5XkvpRven,2015-09-16 19:36:00,1442432160080,screen replacement,16,,,
SpvGDryHft86SckYw,2015-09-16 21:29:16,1442438955894,screen replacement,16,,,
RBwiy2FDBFRqBjqtt,2015-09-16 21:29:28,1442438968413,screen replacement,16,,,